name,datetime,temp,feelslike,dew,humidity,precip,precipprob,preciptype,snow,snowdepth,windgust,windspeed,winddir,sealevelpressure,cloudcover,visibility,solarradiation,solarenergy,uvindex,severerisk,conditions,icon,stations
ajmer,2024-06-02T00:00:00,32.3,32,15.4,36.14,0,0,,0,0,15.8,9.4,21.3,1004,0.7,24.1,0,0,0,10,Clear,clear-night,remote
ajmer,2024-06-02T01:00:00,31.8,31.5,15.6,37.66,0,0,,0,0,9.7,7.6,24.3,1003,0.5,24.1,0,0,0,10,Clear,clear-night,remote
ajmer,2024-06-02T02:00:00,31.9,35.7,22.2,56.55,0,0,,0,0,13.7,5.4,50,1003.1,60,4,0,0,0,3,Partially cloudy,partly-cloudy-night,42343099999
ajmer,2024-06-02T03:00:00,29.9,30,16.3,43.9,0,0,,0,0,4.7,4,288,1003,4.5,24.1,0,0,0,3,Clear,clear-night,remote
ajmer,2024-06-02T04:00:00,30,30.1,16.3,43.65,0,0,,0,0,4.7,4.7,237.7,1004,4.4,24.1,0,0,0,10,Clear,clear-night,remote
ajmer,2024-06-02T05:00:00,27.9,29.6,20.2,62.96,0,0,,0,0,5.4,0,246.5,1003.3,30,4,0,0,0,10,Partially cloudy,partly-cloudy-night,42343099999
ajmer,2024-06-02T06:00:00,29.7,29.6,15.6,42.46,0,0,,0,0,8.3,7.9,237.2,1004,0,24.1,0,0,0,3,Clear,clear-day,remote
ajmer,2024-06-02T07:00:00,30.5,30.2,15.2,39.53,0,0,,0,0,20.9,10.1,247.3,1004,0,24.1,30,0.1,0,3,Clear,clear-day,remote
ajmer,2024-06-02T08:00:00,32.1,32.4,16.9,40.22,0,0,,0,0,27.7,7.6,270,1003.9,0.1,4,198,0.7,2,10,Clear,clear-day,42343099999
ajmer,2024-06-02T09:00:00,33.9,34.2,16.7,35.89,0,0,,0,0,23.4,23,271.3,1005,1.1,24.1,412,1.5,4,10,Clear,clear-day,remote
ajmer,2024-06-02T10:00:00,34.9,35.7,17.3,35.26,0,0,,0,0,21.2,23,273.6,1005,2.6,24.1,615,2.2,6,10,Clear,clear-day,remote
ajmer,2024-06-02T11:00:00,36.2,39,19.9,38.62,0,0,,0,0,20.9,9.4,270,1003,0,4,787,2.8,8,10,Clear,clear-day,42343099999
ajmer,2024-06-02T12:00:00,37.3,38.4,17.2,30.71,0,0,,0,0,14.4,22.3,272.1,1005,0,24.1,909,3.3,9,10,Clear,clear-day,remote
ajmer,2024-06-02T13:00:00,38.4,39.1,16.2,27.15,0,0,,0,0,19.1,18.4,265.7,1005,25.7,24.1,972,3.5,10,10,Partially cloudy,partly-cloudy-day,remote
ajmer,2024-06-02T14:00:00,39.4,41.6,18.2,29.19,0,0,,0,0,14.4,5.4,270,1000.2,40,4,938,3.4,9,10,Partially cloudy,partly-cloudy-day,42343099999
ajmer,2024-06-02T15:00:00,37.8,37.7,14.9,25.8,0,0,,0,0,9.4,15.1,277,1003,94.2,24.1,242,0.9,2,10,Overcast,cloudy,remote
ajmer,2024-06-02T16:00:00,37.6,37.5,14.8,25.92,0,0,,0,0,18,21.2,299.9,1003,14.8,24.1,290,1,3,10,Clear,clear-day,remote
ajmer,2024-06-02T17:00:00,31.4,31.5,16.6,41.06,0,0,,0,0,35.3,7.6,50,1004,100,4,536,1.9,5,3,Overcast,cloudy,42343099999
ajmer,2024-06-02T18:00:00,34,32.8,12.6,27.39,0,0,,0,0,24.1,17.3,333.9,1003,84.8,24.1,164,0.6,2,10,Partially cloudy,partly-cloudy-day,remote
ajmer,2024-06-02T19:00:00,33.7,32.8,13.7,29.93,0,0,,0,0,14.4,13.7,195.3,1003,81.2,24.1,79,0.3,1,3,Partially cloudy,partly-cloudy-day,remote
ajmer,2024-06-02T20:00:00,29.2,30.9,19.9,57.31,2,100,rain,0,0,46.8,0,205.8,1003.6,90,2,9,0,0,5,"Rain, Partially cloudy",rain,42343099999
ajmer,2024-06-02T21:00:00,30.3,30.5,16.8,44.29,0,0,,0,0,19.8,9.4,161.3,1006,26.9,24.1,0,0,0,3,Partially cloudy,partly-cloudy-night,remote
ajmer,2024-06-02T22:00:00,29.6,30.3,17.8,49.11,0,0,,0,0,18.7,11.5,125.6,1007,2.2,24.1,0,0,0,5,Clear,clear-night,remote
ajmer,2024-06-02T23:00:00,29.1,30.4,19.2,55.19,0,0,,0,0,5.4,0,259.2,1002.8,80,4,0,0,0,5,Partially cloudy,partly-cloudy-night,42343099999
ajmer,2024-06-03T00:00:00,30.7,30.5,15.7,40.35,0,0,,0,0,6.8,6.5,307.8,1004,4.4,24.1,0,0,0,3,Clear,clear-night,remote
ajmer,2024-06-03T01:00:00,31.2,30.4,14,35.15,0,0,,0,0,5.4,5.4,304.4,1003,0,24.1,0,0,0,3,Clear,clear-night,remote
ajmer,2024-06-03T02:00:00,28.2,29.5,19.4,58.88,0,0,,0,0,23.8,0,256,1002.4,60,4,0,0,0,10,Partially cloudy,partly-cloudy-night,42343099999
ajmer,2024-06-03T03:00:00,30.4,29.8,14.3,37.51,0.1,100,rain,0,0,36,16.9,266.8,1003,0.7,24.1,0,0,0,3,Rain,rain,remote
ajmer,2024-06-03T04:00:00,30.5,30.2,15.2,39.53,0,0,,0,0,39.2,19.4,268.9,1003,0,24.1,0,0,0,5,Clear,clear-night,remote
ajmer,2024-06-03T05:00:00,28.2,29.3,18.7,56.36,0,0,,0,0,41,3.6,230,1002.2,4.7,4,0,0,0,3,Clear,clear-night,42343099999
ajmer,2024-06-03T06:00:00,30,29.2,13.3,35.97,0,0,,0,0,39.2,19.1,270.5,1003,1.2,24.1,0,0,0,3,Clear,clear-day,remote
ajmer,2024-06-03T07:00:00,30.3,29.5,13.4,35.59,0,0,,0,0,38.5,19.8,272.6,1004,0,24.1,30,0.1,0,5,Clear,clear-day,remote
ajmer,2024-06-03T08:00:00,32,31,13.4,32.3,0,0,,0,0,34.9,21.2,274.4,1005,0,24.1,199,0.7,2,3,Clear,clear-day,remote
ajmer,2024-06-03T09:00:00,34,32.9,12.9,27.94,0,0,,0,0,32,25.6,271.9,1005,0,24.1,415,1.5,4,3,Clear,clear-day,remote
ajmer,2024-06-03T10:00:00,35.8,34.8,12.9,25.28,0,0,,0,0,29.2,27.4,277.9,1005,0,24.1,623,2.2,6,10,Clear,clear-day,remote
ajmer,2024-06-03T11:00:00,37.1,38,16.9,30.46,0,0,,0,0,24.1,9.4,270,1003,0,4,796,2.9,8,10,Clear,clear-day,42343099999
ajmer,2024-06-03T12:00:00,37.8,37,13.1,22.96,0,0,,0,0,20.5,22.3,285.5,1005,0,24.1,918,3.3,9,10,Clear,clear-day,remote
ajmer,2024-06-03T13:00:00,38.9,38.3,13.3,21.92,0,0,,0,0,13,19.4,282.6,1005,0,24.1,981,3.5,10,10,Clear,clear-day,remote
ajmer,2024-06-03T14:00:00,40.9,41.7,15.6,22.85,0,0,,0,0,9.4,0,276.4,1000.9,30,4,979,3.5,10,10,Partially cloudy,partly-cloudy-day,42343099999
ajmer,2024-06-03T15:00:00,39.5,38.8,13,20.81,0,0,,0,0,7.9,13.7,266,1003,0,24.1,912,3.3,9,10,Clear,clear-day,remote
ajmer,2024-06-03T16:00:00,40,39.1,12.3,19.35,0,0,,0,0,8.6,11.9,262.8,1002,0.5,24.1,787,2.8,8,10,Clear,clear-day,remote
ajmer,2024-06-03T17:00:00,41.1,41.5,14.9,21.61,0,0,,0,0,11.5,0,258.6,999.5,2.7,4,614,2.2,6,10,Clear,clear-day,42343099999
ajmer,2024-06-03T18:00:00,40.8,39.2,10.2,16.13,0,0,,0,0,13.3,13,265.7,1001,1.6,24.1,408,1.5,4,10,Clear,clear-day,remote
ajmer,2024-06-03T19:00:00,40.4,38.8,10,16.26,0,0,,0,0,14.8,15.8,264.7,1001,11.3,24.1,194,0.7,2,10,Clear,clear-day,remote
ajmer,2024-06-03T20:00:00,36.4,38.4,18.9,35.9,0,0,,0,0,29.2,0,263.6,999.4,27.9,4,28,0.1,0,10,Partially cloudy,partly-cloudy-night,42343099999
ajmer,2024-06-03T21:00:00,38.2,36.7,10.7,19.18,0,0,,0,0,34.6,20.2,264,1001,47.1,24.1,0,0,0,10,Partially cloudy,partly-cloudy-night,remote
ajmer,2024-06-03T22:00:00,37.5,36.2,11.5,21.01,0,0,,0,0,36.7,22.7,265.2,1002,36.1,24.1,0,0,0,10,Partially cloudy,partly-cloudy-night,remote
ajmer,2024-06-03T23:00:00,36.1,35.8,14.9,28.32,0,0,,0,0,36.4,7.6,270,1000.7,28.8,4,0,0,0,10,Partially cloudy,partly-cloudy-night,42343099999
ajmer,2024-06-04T00:00:00,35.5,34.2,12.2,24.55,0,0,,0,0,35.3,18,280.5,1002,4.3,24.1,0,0,0,10,Clear,clear-night,remote
ajmer,2024-06-04T01:00:00,34.8,33.4,11.9,25.02,0,0,,0,0,38.5,18.7,289.5,1002,0.2,24.1,0,0,0,10,Clear,clear-night,remote
ajmer,2024-06-04T02:00:00,34.3,32.9,11.7,25.39,0,0,,0,0,43.6,22.3,292.3,1002,0.2,24.1,0,0,0,3,Clear,clear-night,remote
ajmer,2024-06-04T03:00:00,32.7,31.3,11.5,27.41,0,0,,0,0,51.1,31.7,266.2,1002,1.2,24.1,0,0,0,10,Clear,clear-night,remote
ajmer,2024-06-04T04:00:00,31.3,30.1,12.3,31.28,0,0,,0,0,51.8,30.2,268.2,1002,5.9,24.1,0,0,0,10,Clear,clear-night,remote
ajmer,2024-06-04T05:00:00,33.1,32.2,13.7,30.96,0,0,,0,0,50.4,16.6,270,1001.1,10,4,0,0,0,10,Clear,clear-night,42343099999
ajmer,2024-06-04T06:00:00,30.3,29.5,13.4,35.59,0,0,,0,0,52.9,29.2,269.6,1003,0,24.1,0,0,0,10,Clear,clear-day,remote
ajmer,2024-06-04T07:00:00,30.3,29.6,13.9,36.76,0,0,,0,0,51.8,29.9,267.1,1004,0,24.1,31,0.1,0,5,Clear,clear-day,remote
ajmer,2024-06-04T08:00:00,34.4,33.8,14.4,30.12,0,0,,0,0,51.8,9.4,230,1002.5,0,4,200,0.7,2,5,Clear,clear-day,42343099999
ajmer,2024-06-04T09:00:00,33.4,32.4,13.5,30.05,0,0,,0,0,46.8,35.3,272.4,1005,0,24.1,416,1.5,4,3,Clear,clear-day,remote
ajmer,2024-06-04T10:00:00,35.2,34.4,13.6,27.36,0,0,,0,0,38.9,34.2,271.6,1005,0,24.1,623,2.2,6,10,Clear,clear-day,remote
ajmer,2024-06-04T11:00:00,38.4,38.1,14.1,23.72,0,0,,0,0,33.5,9.4,270,1001.9,0,4,795,2.9,8,10,Clear,clear-day,42343099999
ajmer,2024-06-04T12:00:00,37.8,37.4,14.2,24.66,0,0,,0,0,30.2,30.2,269.9,1005,0,24.1,917,3.3,9,10,Clear,clear-day,remote
ajmer,2024-06-04T13:00:00,38.8,38.5,14,23.06,0,0,,0,0,24.8,26.6,266.5,1004,0,24.1,983,3.5,10,10,Clear,clear-day,remote
ajmer,2024-06-04T14:00:00,41.2,41.4,14.4,20.82,0,0,,0,0,23.8,7.6,270,1000,0,4,982,3.5,10,10,Clear,clear-day,42343099999
ajmer,2024-06-04T15:00:00,40.1,39.7,13.4,20.68,0,0,,0,0,21.6,24.8,253.3,1003,0,24.1,915,3.3,9,10,Clear,clear-day,remote
ajmer,2024-06-04T16:00:00,40.2,39.8,13.5,20.71,0,0,,0,0,19.4,21.6,254.9,1002,0,24.1,789,2.8,8,10,Clear,clear-day,remote
ajmer,2024-06-04T17:00:00,40.9,41.2,14.7,21.56,0,0,,0,0,17.3,3.6,270,998.5,0,4,613,2.2,6,10,Clear,clear-day,42343099999
ajmer,2024-06-04T18:00:00,41.9,40.2,9.8,14.82,0,0,,0,0,17.6,19.1,294,999,5.1,24.1,408,1.5,4,10,Clear,clear-day,remote
ajmer,2024-06-04T19:00:00,41.3,39.6,9.7,15.19,0,0,,0,0,19.8,18.4,293.5,999,55.8,24.1,195,0.7,2,10,Partially cloudy,partly-cloudy-day,remote
ajmer,2024-06-04T20:00:00,37.7,38,15.6,27.14,0,0,,0,0,38.5,0,198.3,999.2,99.2,4,23,0.1,0,10,Overcast,cloudy,42343099999
ajmer,2024-06-04T21:00:00,36.2,35.9,14.8,27.98,0,0,,0,0,49,40.3,202.9,1001,100,24.1,0,0,0,10,Overcast,cloudy,remote
ajmer,2024-06-04T22:00:00,36.7,36.1,14,25.85,0,0,,0,0,44.6,31.7,235.9,1002,98.8,24.1,0,0,0,10,Overcast,cloudy,remote
ajmer,2024-06-04T23:00:00,35.7,35.7,15.7,30.47,0,0,,0,0,49.3,3.6,270,1001.6,52,4,0,0,0,3,Partially cloudy,partly-cloudy-night,42343099999
ajmer,2024-06-05T00:00:00,34.2,32.1,8.1,20.06,0,0,,0,0,53.3,36,254.3,1003,4.7,24.1,0,0,0,10,Clear,clear-night,remote
ajmer,2024-06-05T01:00:00,32.9,30.9,8,21.43,0,0,,0,0,53.6,32,257.1,1003,13.4,24.1,0,0,0,10,Clear,clear-night,remote
ajmer,2024-06-05T02:00:00,34.9,35.1,16.2,32.89,0,0,,0,0,52.6,0,254.3,1001.5,8.7,4,0,0,0,10,Clear,clear-night,42343099999
ajmer,2024-06-05T03:00:00,31.5,29.7,8.4,23.84,0,0,,0,0,47.5,24.8,255.6,1004,77,19.8,0,0,0,10,Partially cloudy,partly-cloudy-night,remote
ajmer,2024-06-05T04:00:00,31,29.5,10.3,27.87,0,0,,0,0,45.4,26.6,255.2,1004,37.9,24.1,0,0,0,10,Partially cloudy,partly-cloudy-night,remote
ajmer,2024-06-05T05:00:00,31.7,30.8,13.6,33.29,0,0,,0,0,47.5,3.6,270,1002.5,10,4,0,0,0,10,Clear,clear-night,42343099999
ajmer,2024-06-05T06:00:00,29.5,28.9,13.9,38.5,0,0,,0,0,49.3,28.4,261.8,1004,0,24.1,0,0,0,5,Clear,clear-day,remote
ajmer,2024-06-05T07:00:00,29.5,29.3,15.3,42.14,0,0,,0,0,46.1,26.6,260.3,1005,0,24.1,30,0.1,0,5,Clear,clear-day,remote
ajmer,2024-06-05T08:00:00,32.2,33,17.9,42.6,0,0,,0,0,42.8,11.2,230,1004.4,0,2,197,0.7,2,5,Clear,clear-day,42343099999
ajmer,2024-06-05T09:00:00,32,32.4,17.1,40.97,0,0,,0,0,38.2,31.7,252.8,1006,0,24.1,411,1.5,4,3,Clear,clear-day,remote
ajmer,2024-06-05T10:00:00,33.8,34.1,16.6,35.86,0,0,,0,0,33.8,29.9,253.4,1006,0,24.1,616,2.2,6,3,Clear,clear-day,remote
ajmer,2024-06-05T11:00:00,36.7,37.7,17.2,31.73,0,0,,0,0,30.2,11.2,230,1003.7,0,4,790,2.8,8,10,Clear,clear-day,42343099999
ajmer,2024-06-05T12:00:00,36.7,37.2,16.4,30.16,0,0,,0,0,29.5,27.4,249,1006,0,24.1,912,3.3,9,10,Clear,clear-day,remote
ajmer,2024-06-05T13:00:00,37.8,38.5,16.4,28.41,0,0,,0,0,28.1,26.6,245.9,1005,0,24.1,975,3.5,10,10,Clear,clear-day,remote
ajmer,2024-06-05T14:00:00,40.4,41,15.4,23.17,0,0,,0,0,27,7.6,270,1000.3,0,4,974,3.5,10,30,Clear,clear-day,42343099999
ajmer,2024-06-05T15:00:00,39.2,39.5,15.2,24.39,0,0,,0,0,26.6,24.5,243.2,1003,0,24.1,910,3.3,9,10,Clear,clear-day,remote
ajmer,2024-06-05T16:00:00,39.8,39.7,14.3,22.28,0,0,,0,0,25.6,20.5,246.1,1002,0,24.1,786,2.8,8,10,Clear,clear-day,remote
ajmer,2024-06-05T17:00:00,40.4,40.5,14.4,21.72,0,0,,0,0,23.8,7.6,270,998,10,4,614,2.2,6,10,Clear,clear-day,42343099999
ajmer,2024-06-05T18:00:00,40.6,39.7,12.2,18.62,0,0,,0,0,24.8,18.4,267.7,1000,0,24.1,409,1.5,4,10,Clear,clear-day,remote
ajmer,2024-06-05T19:00:00,39.6,38.4,11.5,18.75,0,0,,0,0,23.4,28.4,278.5,1000,32.7,24.1,195,0.7,2,10,Partially cloudy,partly-cloudy-day,remote
ajmer,2024-06-05T20:00:00,36.9,36.3,13.9,25.4,0,0,,0,0,38.9,9.4,270,999.8,17.9,4,27,0.1,0,10,Clear,clear-night,42343099999
ajmer,2024-06-05T21:00:00,37.1,34.8,6.8,15.64,0,0,,0,0,41.8,24.1,280,1002,1.2,24.1,0,0,0,10,Clear,clear-night,remote
ajmer,2024-06-05T22:00:00,36.1,33.8,6.9,16.64,0,0,,0,0,43.6,23,279.2,1002,0,24.1,0,0,0,10,Clear,clear-night,remote
ajmer,2024-06-05T23:00:00,34.4,33.3,12.9,27.32,0,0,,0,0,48.2,7.6,270,1002.6,0,4,0,0,0,10,Clear,clear-night,42343099999
ajmer,2024-06-06T00:00:00,33.2,32.2,13.5,30.38,0,0,,0,0,44.6,25.2,279.9,1004,0,24.1,0,0,0,10,Clear,clear-night,remote
ajmer,2024-06-06T01:00:00,32.3,31.4,13.6,32.17,0,0,,0,0,40.7,18.7,263.6,1004,0,24.1,0,0,0,10,Clear,clear-night,remote
ajmer,2024-06-06T02:00:00,33.1,32.1,13.2,29.96,0,0,,0,0,31.7,9.4,270,1002,0,4,0,0,0,10,Clear,clear-night,42343099999
ajmer,2024-06-06T03:00:00,30.6,29.6,12.9,33.86,0,0,,0,0,37.8,17.6,238.8,1005,0,24.1,0,0,0,5,Clear,clear-night,remote
ajmer,2024-06-06T04:00:00,30,29.4,14.2,38.14,0,0,,0,0,43.6,21.6,253.3,1005,0,24.1,0,0,0,5,Clear,clear-night,remote
ajmer,2024-06-06T05:00:00,31.4,31.9,17.4,43.2,0,0,,0,0,44.3,11.2,270,1004.1,0.5,2,0,0,0,5,Clear,clear-night,42343099999
ajmer,2024-06-06T06:00:00,29.3,29.9,17.6,49.35,0,0,,0,0,40,22.3,253.3,1006,0,24.1,0,0,0,5,Clear,clear-day,remote
ajmer,2024-06-06T07:00:00,29.3,30.3,18.6,52.55,0,0,,0,0,33.1,19.4,251.2,1006,0,24.1,30,0.1,0,5,Clear,clear-day,remote
ajmer,2024-06-06T08:00:00,33.1,34.9,19.4,44.48,0,0,,0,0,27.4,5.4,270,1006,0,4,197,0.7,2,3,Clear,clear-day,42343099999
ajmer,2024-06-06T09:00:00,32.1,33.5,18.9,45.62,0,0,,0,0,16.2,15.8,271.8,1008,0,24.1,410,1.5,4,3,Clear,clear-day,remote
ajmer,2024-06-06T10:00:00,33.7,35.1,18.6,40.92,0,0,,0,0,10.4,12.6,273.8,1008,0,24.1,613,2.2,6,30,Clear,clear-day,remote
ajmer,2024-06-06T11:00:00,37.1,38.5,17.7,32.04,0,0,,0,0,10.4,3.6,270,1005.2,0,4,783,2.8,8,30,Clear,clear-day,42343099999
ajmer,2024-06-06T12:00:00,37,37.7,16.7,30.24,0,0,,0,0,14.4,13.3,239,1007,0,24.1,910,3.3,9,10,Clear,clear-day,remote
ajmer,2024-06-06T13:00:00,38.5,38.4,14.5,24.21,0,0,,0,0,17.6,15.5,245.1,1006,0,24.1,976,3.5,10,10,Clear,clear-day,remote
ajmer,2024-06-06T14:00:00,40.2,40.4,14.7,22.38,0,0,,0,0,17.3,7.6,270,1002.7,0,4,980,3.5,10,10,Clear,clear-day,42343099999
ajmer,2024-06-06T15:00:00,40.1,39.4,12.8,19.89,0,0,,0,0,16.6,16.9,259.9,1005,0,24.1,917,3.3,9,10,Clear,clear-day,remote
ajmer,2024-06-06T16:00:00,40.6,39.8,12.4,18.86,0,0,,0,0,16.2,18.4,269,1004,0,24.1,793,2.9,8,10,Clear,clear-day,remote
ajmer,2024-06-06T17:00:00,40.4,40.2,13.9,21.03,0,0,,0,0,12.2,3.6,180,1000.5,0,4,619,2.2,6,10,Clear,clear-day,42343099999
ajmer,2024-06-06T18:00:00,39.6,38.2,11,18.14,0,0,,0,0,15.5,18.4,283.2,1003,0,24.1,412,1.5,4,10,Clear,clear-day,remote
ajmer,2024-06-06T19:00:00,38.8,37.3,10.7,18.57,0,0,,0,0,14.8,17.3,287.3,1004,0,24.1,199,0.7,2,10,Clear,clear-day,remote
ajmer,2024-06-06T20:00:00,36.9,36.1,13.4,24.59,0,0,,0,0,22.7,3.6,270,1001.2,0,4,30,0.1,0,10,Clear,clear-night,42343099999
ajmer,2024-06-06T21:00:00,36.1,34.6,11.1,22.09,0,0,,0,0,24.5,14,273,1004,0,24.1,0,0,0,10,Clear,clear-night,remote
ajmer,2024-06-06T22:00:00,35.4,33.8,10.9,22.65,0,0,,0,0,25.2,14,267,1004,0,24.1,0,0,0,10,Clear,clear-night,remote
ajmer,2024-06-06T23:00:00,35.4,34.4,13.1,26.19,0,0,,0,0,27.7,5.4,270,1003.4,0,4,0,0,0,10,Clear,clear-night,42343099999
ajmer,2024-06-07T00:00:00,33.8,32.2,10.9,24.76,0,0,,0,0,30.2,14,279.6,1005,0,24.1,0,0,0,3,Clear,clear-night,remote
ajmer,2024-06-07T01:00:00,32.9,31.4,11.1,26.39,0,0,,0,0,26.3,11.9,298.1,1004,0,24.1,0,0,0,3,Clear,clear-night,remote
ajmer,2024-06-07T02:00:00,33.4,32.4,13.4,29.85,0,0,,0,0,15.5,5.4,270,1003.4,0,4,0,0,0,3,Clear,clear-night,42343099999
ajmer,2024-06-07T03:00:00,32,30.6,11.7,28.89,0,0,,0,0,27.4,10.8,267.4,1004,0,24.1,0,0,0,3,Clear,clear-night,remote
ajmer,2024-06-07T04:00:00,31.3,30.4,13.4,33.61,0,0,,0,0,41.4,19.1,270.6,1004,4.8,24.1,0,0,0,3,Clear,clear-night,remote
ajmer,2024-06-07T05:00:00,30.4,30.8,17.2,45.16,0,0,,0,0,44.3,0,267.5,1003.5,0,2,0,0,0,5,Clear,clear-night,42343099999
ajmer,2024-06-07T06:00:00,30.2,29.9,15.2,40.21,0,0,,0,0,39.6,18,262.4,1004,0,24.1,0,0,0,5,Clear,clear-day,remote
ajmer,2024-06-07T07:00:00,30.7,30.6,15.8,40.61,0,0,,0,0,34.6,14.8,263.8,1005,0,24.1,31,0.1,0,5,Clear,clear-day,remote
ajmer,2024-06-07T08:00:00,33.4,34.8,18.7,41.87,0,0,,0,0,23.8,0,261.5,1004.2,0,2,198,0.7,2,3,Clear,clear-day,42343099999
ajmer,2024-06-07T09:00:00,34.5,35.3,17.4,36.29,0,0,,0,0,20.9,18,274.1,1005,0,24.1,413,1.5,4,30,Clear,clear-day,remote
ajmer,2024-06-07T10:00:00,35.8,37,17.8,34.63,0,0,,0,0,21.6,22,275.3,1005,0,24.1,617,2.2,6,30,Clear,clear-day,remote
ajmer,2024-06-07T11:00:00,37.9,40.9,19.7,34.76,0,0,,0,0,17.6,0,271.5,1002.8,0,2,787,2.8,8,30,Clear,clear-day,42343099999
ajmer,2024-06-07T12:00:00,38.6,39.2,16,26.52,0,0,,0,0,17.3,18,276.8,1005,0,24.1,911,3.3,9,30,Clear,clear-day,remote
ajmer,2024-06-07T13:00:00,39.6,40.1,15.4,24.18,0,0,,0,0,18,18,278.4,1004,0,24.1,976,3.5,10,30,Clear,clear-day,remote
ajmer,2024-06-07T14:00:00,41.9,44.2,17.7,24.76,0,0,,0,0,20.2,7.6,270,999.4,80,2,977,3.5,10,10,Partially cloudy,partly-cloudy-day,42343099999
ajmer,2024-06-07T15:00:00,40.9,40.5,13.4,19.82,0,0,,0,0,22,21.2,264.9,1002,0,24.1,912,3.3,9,10,Clear,clear-day,remote
ajmer,2024-06-07T16:00:00,41.1,40.3,12.2,18.13,0,0,,0,0,23.4,22.7,265,1001,0,24.1,788,2.8,8,10,Clear,clear-day,remote
ajmer,2024-06-07T17:00:00,41.9,39.7,8.1,13.21,0,0,,0,0,22.3,3.6,50,997.1,50,2,615,2.2,6,10,Partially cloudy,partly-cloudy-day,42343099999
ajmer,2024-06-07T18:00:00,40.2,38.8,10.8,17.34,0,0,,0,0,20.9,20.9,270.4,999,0,24.1,252,0.9,3,10,Clear,clear-day,remote
ajmer,2024-06-07T19:00:00,37.3,36.4,12.8,23.14,0,0,,0,0,35.3,38.9,324.9,1001,0.5,24.1,199,0.7,2,10,Clear,clear-day,remote
ajmer,2024-06-07T20:00:00,33.4,34.8,18.7,41.87,0,0,,0,0,49.3,0,353.4,1000.9,10,2,30,0.1,0,5,Clear,clear-night,42343099999
ajmer,2024-06-07T21:00:00,31.1,30.3,13.8,34.89,0.1,100,rain,0,0,45,23.8,348.8,1004,100,24.1,0,0,0,5,"Rain, Overcast",rain,remote
ajmer,2024-06-07T22:00:00,31.9,30.9,13.1,31.86,0.3,100,rain,0,0,12.2,5.8,26.9,1003,33.1,21.5,0,0,0,5,"Rain, Partially cloudy",rain,remote
ajmer,2024-06-07T23:00:00,31.4,31.9,17.4,43.2,0,0,,0,0,18,0,189.8,1002.1,32.3,2,0,0,0,3,Partially cloudy,partly-cloudy-night,42343099999
ajmer,2024-06-08T00:00:00,32.3,31.2,13,30.94,0,0,,0,0,24.5,15.1,215.8,1003,3.7,24.1,0,0,0,3,Clear,clear-night,remote
ajmer,2024-06-08T01:00:00,31.9,31,13.5,32.7,0,0,,0,0,31.7,13.3,245.4,1003,2.4,24.1,0,0,0,3,Clear,clear-night,remote
ajmer,2024-06-08T02:00:00,30.9,31.2,16.9,43.06,0,0,,0,0,31.3,0,243.9,1001.9,0.2,2,0,0,0,3,Clear,clear-night,42343099999
ajmer,2024-06-08T03:00:00,31.9,31.1,13.9,33.56,0,0,,0,0,33.8,13.3,252.1,1002,0,24.1,0,0,0,3,Clear,clear-night,remote
ajmer,2024-06-08T04:00:00,31.7,30.9,14,34.16,0,0,,0,0,41.4,18.7,254.2,1002,0.3,24.1,0,0,0,3,Clear,clear-night,remote
ajmer,2024-06-08T05:00:00,27.2,27.9,17.4,55.06,0,0,,0,0,45.7,24.1,262.3,1003.2,30,2,0,0,0,3,Partially cloudy,partly-cloudy-night,42343099999
ajmer,2024-06-08T06:00:00,30.3,29.9,15.1,39.73,0,0,,0,0,37.8,20.2,279.2,1003,4.5,24.1,0,0,0,3,Clear,clear-day,remote
ajmer,2024-06-08T07:00:00,30.3,29.9,15,39.47,0,0,,0,0,31,16.2,296.1,1004,0.8,24.1,30,0.1,0,3,Clear,clear-day,remote
ajmer,2024-06-08T08:00:00,31.2,31.7,17.4,43.69,0,0,,0,0,36,5.4,50,1003.7,30,2,197,0.7,2,3,Partially cloudy,partly-cloudy-day,42343099999
ajmer,2024-06-08T09:00:00,33.5,32.3,12.8,28.54,0,0,,0,0,19.4,18,13.1,1004,4.9,24.1,411,1.5,4,3,Clear,clear-day,remote
ajmer,2024-06-08T10:00:00,35.9,34.8,12.7,24.82,0,0,,0,0,12.6,13.7,55.3,1003,1.3,24.1,619,2.2,6,10,Clear,clear-day,remote
ajmer,2024-06-08T11:00:00,36.1,35.5,14.1,26.89,0,0,,0,0,9.4,5.4,140,1002.3,3.6,2,796,2.9,8,10,Clear,clear-day,42343099999
ajmer,2024-06-08T12:00:00,38.1,37.4,13.2,22.74,0,0,,0,0,18.4,13.3,192.4,1004,4.2,24.1,919,3.3,9,10,Clear,clear-day,remote
ajmer,2024-06-08T13:00:00,39.4,38.5,12.4,20.12,0,0,,0,0,23.4,15.1,212.7,1003,7,24.1,982,3.5,10,10,Clear,clear-day,remote
ajmer,2024-06-08T14:00:00,39.2,40,16.2,26,0,0,,0,0,23.8,7.6,180,999,50,4,979,3.5,10,10,Partially cloudy,partly-cloudy-day,42343099999
ajmer,2024-06-08T15:00:00,40.8,39.8,11.9,18.06,0,0,,0,0,24.8,18,274.9,1000,93.5,24.1,913,3.3,9,10,Overcast,cloudy,remote
ajmer,2024-06-08T16:00:00,39.5,38.4,11.8,19.23,0,0,,0,0,28.4,27.7,295.1,999,99.8,24.1,258,0.9,3,10,Overcast,cloudy,remote
ajmer,2024-06-08T17:00:00,40.9,40.9,14.2,20.88,0,0,,0,0,24.8,3.6,270,996.5,40,4,29,0.1,0,10,Partially cloudy,partly-cloudy-day,42343099999
ajmer,2024-06-08T18:00:00,39.7,38.3,10.9,17.93,0,0,,0,0,23.8,29.5,291,999,24,24.1,396,1.4,4,10,Partially cloudy,partly-cloudy-day,remote
ajmer,2024-06-08T19:00:00,39,37.2,9.6,17.07,0,0,,0,0,20.9,27.4,301,999,0.2,24.1,199,0.7,2,10,Clear,clear-day,remote
ajmer,2024-06-08T20:00:00,33.4,33.3,15.9,35.08,0,0,,0,0,27,3.6,270,1000,30,4,32,0.1,0,10,Partially cloudy,partly-cloudy-night,42343099999
ajmer,2024-06-08T21:00:00,34.5,33.3,12.7,26.82,0,0,,0,0,34.9,22.3,283,1002,26,24.1,0,0,0,10,Partially cloudy,partly-cloudy-night,remote
ajmer,2024-06-08T22:00:00,31.2,30.6,14.4,36.07,0,0,,0,0,35.3,16.6,286.5,1003,64.2,24.1,0,0,0,3,Partially cloudy,partly-cloudy-night,remote
ajmer,2024-06-08T23:00:00,31.1,31.7,17.7,44.78,0,0,,0,0,25.2,0,289,1002.2,30,4,0,0,0,10,Partially cloudy,partly-cloudy-night,42343099999
ajmer,2024-06-09T00:00:00,32.5,32.1,15.3,35.51,0,0,,0,0,24.5,12.2,341.3,1003,4.2,24.1,0,0,0,10,Clear,clear-night,remote
ajmer,2024-06-09T01:00:00,32,31.5,14.9,35.6,0,0,,0,0,23,12.6,299.9,1003,0,24.1,0,0,0,10,Clear,clear-night,remote
ajmer,2024-06-09T02:00:00,30.2,31.2,18.4,49.27,0,0,,0,0,18.4,0,300.1,1001.9,0.3,4,0,0,0,3,Clear,clear-night,42343099999
ajmer,2024-06-09T03:00:00,31.2,30.4,13.8,34.69,0,0,,0,0,12.2,8.6,319,1002,3.6,24.1,0,0,0,3,Clear,clear-night,remote
ajmer,2024-06-09T04:00:00,30.7,29.9,13.8,35.7,0,0,,0,0,15.1,9,309.3,1002,3.7,24.1,0,0,0,3,Clear,clear-night,remote
ajmer,2024-06-09T05:00:00,29.1,30.3,18.9,54.16,0,0,,0,0,14.4,0,297.9,1001.4,50,4,0,0,0,3,Partially cloudy,partly-cloudy-night,42343099999
ajmer,2024-06-09T06:00:00,30.2,29.5,13.7,36.5,0,0,,0,0,15.1,9.4,306.7,1003,0,24.1,0,0,0,10,Clear,clear-day,remote
ajmer,2024-06-09T07:00:00,30.8,29.9,13.4,34.58,0,0,,0,0,21.6,8.6,309,1003,0,24.1,31,0.1,0,10,Clear,clear-day,remote
ajmer,2024-06-09T08:00:00,33.1,34.4,18.7,42.58,0,0,,0,0,18.7,0,323.4,1002.3,10,4,199,0.7,2,10,Clear,clear-day,42343099999
ajmer,2024-06-09T09:00:00,35.9,34.5,11.5,22.93,0,0,,0,0,15.8,15.1,330.8,1004,0,24.1,414,1.5,4,10,Clear,clear-day,remote
ajmer,2024-06-09T10:00:00,37.4,35.9,11.1,20.57,0,0,,0,0,14.8,14,325,1004,0,24.1,621,2.2,6,10,Clear,clear-day,remote
ajmer,2024-06-09T11:00:00,39.2,40,16.2,26,0,0,,0,0,10.8,7.6,270,1000.8,10,4,796,2.9,8,10,Clear,clear-day,42343099999
ajmer,2024-06-09T12:00:00,39,37.6,11,18.74,0,0,,0,0,11.2,18.4,294.3,1003,0,24.1,921,3.3,9,10,Clear,clear-day,remote
ajmer,2024-06-09T13:00:00,39.7,38.4,11.3,18.41,0,0,,0,0,12.6,20.5,289.8,1002,1,24.1,983,3.5,10,10,Clear,clear-day,remote
ajmer,2024-06-09T14:00:00,40.4,40.5,14.4,21.72,0,0,,0,0,10.8,0,285.6,998.4,40,4,980,3.5,10,10,Partially cloudy,partly-cloudy-day,42343099999
ajmer,2024-06-09T15:00:00,39.8,38.2,10.3,17.13,0,0,,0,0,10.1,15.5,289,1001,61.5,24.1,645,2.3,6,10,Partially cloudy,partly-cloudy-day,remote
ajmer,2024-06-09T16:00:00,40.2,38.5,9.9,16.33,0,0,,0,0,11.2,15.1,298.1,1000,74.3,24.1,647,2.3,6,10,Partially cloudy,partly-cloudy-day,remote
ajmer,2024-06-09T17:00:00,40.9,41.2,14.7,21.56,0,0,,0,0,12.6,0,301.4,996.7,50,4,447,1.6,4,10,Partially cloudy,partly-cloudy-day,42343099999
ajmer,2024-06-09T18:00:00,39.4,37.7,10,17.16,0,0,,0,0,15.1,18,333.6,999,67.4,24.1,209,0.8,2,10,Partially cloudy,partly-cloudy-day,remote
ajmer,2024-06-09T19:00:00,38,36.3,10.1,18.63,0,0,,0,0,20.9,19.4,35.2,1000,90.5,24.1,143,0.5,1,10,Overcast,cloudy,remote
ajmer,2024-06-09T20:00:00,36.9,36.1,13.4,24.59,0,0,,0,0,18,3.6,180,998.8,50,4,8,0,0,10,Partially cloudy,partly-cloudy-night,42343099999
ajmer,2024-06-09T21:00:00,34.8,33.1,10.3,22.5,0,0,,0,0,7.6,6.1,60.5,1001,0.1,24.1,0,0,0,10,Clear,clear-night,remote
ajmer,2024-06-09T22:00:00,34.4,32.6,10,22.55,0,0,,0,0,4,2.9,78,1002,0.6,24.1,0,0,0,10,Clear,clear-night,remote
ajmer,2024-06-09T23:00:00,34.2,33.3,13.6,28.92,0,0,,0,0,5,3.6,50,1000.3,40,4,0,0,0,10,Partially cloudy,partly-cloudy-night,42343099999
ajmer,2024-06-10T00:00:00,33.7,32.1,10.9,24.9,0,0,,0,0,9,8.6,221.7,1002,26.9,24.1,0,0,0,10,Partially cloudy,partly-cloudy-night,remote
ajmer,2024-06-10T01:00:00,33.2,31.8,11.6,26.82,0,0,,0,0,10.8,9.4,290.2,1002,27.9,24.1,0,0,0,10,Partially cloudy,partly-cloudy-night,remote
ajmer,2024-06-10T02:00:00,33.1,32.3,14.1,31.77,0,0,,0,0,5.8,3.6,50,1000.5,30,4,0,0,0,10,Partially cloudy,partly-cloudy-night,42343099999
ajmer,2024-06-10T03:00:00,32.7,31.3,11.7,27.77,0,0,,0,0,7.9,7.9,291.2,1001,5.1,24.1,0,0,0,10,Clear,clear-night,remote
ajmer,2024-06-10T04:00:00,31.4,30.2,12.3,31.1,0,0,,0,0,36.4,17.6,327.4,1002,5.2,24.1,0,0,0,3,Clear,clear-night,remote
ajmer,2024-06-10T05:00:00,31.2,30.6,14.6,36.54,0.2,100,rain,0,0,33.8,5.4,320,1000.6,50,4,0,0,0,3,"Rain, Partially cloudy",rain,42343099999
ajmer,2024-06-10T06:00:00,30.4,29.2,11.8,31.86,0,0,,0,0,8.3,7.2,282.2,1002,56.3,24.1,0,0,0,3,Partially cloudy,partly-cloudy-day,remote
ajmer,2024-06-10T07:00:00,31.3,30,11.8,30.26,0,0,,0,0,9.4,7.9,262.9,1003,97.3,24.1,27,0.1,0,3,Overcast,cloudy,remote
ajmer,2024-06-10T08:00:00,34.2,34,15.4,32.49,0,0,,0,0,6.1,0,321.5,1001.6,10,4,63,0.2,1,3,Clear,clear-day,42343099999
ajmer,2024-06-10T09:00:00,33.2,31.7,11.2,26.12,0,0,,0,0,11.9,7.2,34.3,1004,54.9,24.1,83,0.3,1,10,Partially cloudy,partly-cloudy-day,remote
ajmer,2024-06-10T10:00:00,36,34.3,10.5,21.34,0,0,,0,0,17.3,13.7,25.2,1004,27,24.1,489,1.8,5,10,Partially cloudy,partly-cloudy-day,remote
ajmer,2024-06-10T11:00:00,40.1,40.8,15.7,24,0,0,,0,0,5,0,46,1000.7,10,4,682,2.5,7,10,Clear,clear-day,42343099999
ajmer,2024-06-10T12:00:00,38.9,36.8,8.2,15.61,0,0,,0,0,6.1,7.2,72.6,1003,86.3,24.1,449,1.6,4,10,Partially cloudy,partly-cloudy-day,remote
ajmer,2024-06-10T13:00:00,39.5,37.3,7.9,14.81,0,0,,0,0,7.9,4,169.8,1002,74,24.1,643,2.3,6,10,Partially cloudy,partly-cloudy-day,remote
ajmer,2024-06-10T14:00:00,40.4,39.8,12.9,19.7,0,0,,0,0,9,3.6,50,998.7,60,4,809,2.9,8,10,Partially cloudy,partly-cloudy-day,42343099999
ajmer,2024-06-10T15:00:00,40.9,38.6,7.4,13.28,0,0,,0,0,10.8,7.6,233.9,1001,89.7,24.1,922,3.3,9,10,Partially cloudy,partly-cloudy-day,remote
ajmer,2024-06-10T16:00:00,41.2,38.8,7,12.72,0,0,,0,0,8.3,9.4,239,1000,96.5,24.1,771,2.8,8,10,Overcast,cloudy,remote
ajmer,2024-06-10T17:00:00,39.4,38.8,13.2,21.2,0,0,,0,0,9,7.6,180,998,80,4,610,2.2,6,10,Partially cloudy,partly-cloudy-day,42343099999
ajmer,2024-06-10T18:00:00,40.7,38,5.3,11.62,0,0,,0,0,10.4,8.3,244.3,1000,78.9,24.1,410,1.5,4,10,Partially cloudy,partly-cloudy-day,remote
ajmer,2024-06-10T19:00:00,40.2,37.5,5.3,11.93,0,0,,0,0,6.8,5.8,243.7,1000,65,24.1,186,0.7,2,10,Partially cloudy,partly-cloudy-day,remote
ajmer,2024-06-10T20:00:00,36.7,36.4,14.6,26.87,0,0,,0,0,6.1,7.6,250,999.7,80,4,26,0.1,0,10,Partially cloudy,partly-cloudy-night,42343099999
ajmer,2024-06-10T21:00:00,37.4,35.4,8.8,17.63,0,0,,0,0,22.7,16.9,220.1,1001,79.9,24.1,0,0,0,10,Partially cloudy,partly-cloudy-night,remote
ajmer,2024-06-10T22:00:00,34.1,33.8,15.3,32.46,0,0,,0,0,34.9,18.7,235.2,1002,94.4,24.1,0,0,0,10,Overcast,cloudy,remote
ajmer,2024-06-10T23:00:00,34.7,34,14.2,29.24,0,0,,0,0,13,5.4,250,1000.8,50,4,0,0,0,10,Partially cloudy,partly-cloudy-night,42343099999
ajmer,2024-06-11T00:00:00,34.8,34.4,15,30.62,0,0,,0,0,10.8,4,265.5,1003,77.8,24.1,0,0,0,10,Partially cloudy,partly-cloudy-night,remote
ajmer,2024-06-11T01:00:00,34.2,33.6,14.5,30.66,0,0,,0,0,10.8,5,290,1002,30,24.1,0,0,0,10,Partially cloudy,partly-cloudy-night,remote
ajmer,2024-06-11T02:00:00,33.4,33.2,15.6,34.41,0,0,,0,0,38.2,9.4,250,1000.2,30,4,0,0,0,10,Partially cloudy,partly-cloudy-night,42343099999
ajmer,2024-06-11T03:00:00,33.4,32.6,14,31.04,0,0,,0,0,42.8,25.2,237.7,1002,36.2,24.1,0,0,0,10,Partially cloudy,partly-cloudy-night,remote
ajmer,2024-06-11T04:00:00,32.5,31.5,13.2,30.99,0,0,,0,0,44.6,24.8,227.8,1002,67.2,24.1,0,0,0,3,Partially cloudy,partly-cloudy-night,remote
ajmer,2024-06-11T05:00:00,31.9,32.7,17.9,43.33,0,0,,0,0,41.4,9.4,270,1000.8,40,4,0,0,0,3,Partially cloudy,partly-cloudy-night,42343099999
ajmer,2024-06-11T06:00:00,30.9,30.2,14.1,35.99,0,0,,0,0,41.8,21.2,238.6,1003,5,24.1,0,0,0,3,Clear,clear-day,remote
ajmer,2024-06-11T07:00:00,30.7,30.7,16.3,41.93,0,0,,0,0,41,22,244.2,1004,5,24.1,30,0.1,0,3,Clear,clear-day,remote
ajmer,2024-06-11T08:00:00,32.7,35.2,20.4,48.4,0,0,,0,0,38.5,9.4,270,1002.5,50,4,196,0.7,2,3,Partially cloudy,partly-cloudy-day,42343099999
ajmer,2024-06-11T09:00:00,33.3,35.1,19.4,43.99,0,0,,0,0,36.4,32,256.9,1004,5,24.1,408,1.5,4,30,Clear,clear-day,remote
ajmer,2024-06-11T10:00:00,35.2,36.7,18.4,37.17,0,0,,0,0,30.2,30.2,258.1,1004,5,24.1,612,2.2,6,10,Clear,clear-day,remote
ajmer,2024-06-11T11:00:00,37.7,41.1,20.2,36.25,0,0,,0,0,25.6,7.6,290,1000.9,10,4,785,2.8,8,10,Clear,clear-day,42343099999
ajmer,2024-06-11T12:00:00,38.7,39.3,16,26.37,0,0,,0,0,16.9,24.8,265.1,1003,0,24.1,910,3.3,9,10,Clear,clear-day,remote
ajmer,2024-06-11T13:00:00,40.2,40.1,14.1,21.53,0,0,,0,0,15.1,21.2,269.2,1002,0.3,24.1,976,3.5,10,10,Clear,clear-day,remote
ajmer,2024-06-11T14:00:00,40.7,41.5,15.7,23.24,0,0,,0,0,19.1,0,266.8,998.6,40,4,976,3.5,10,10,Partially cloudy,partly-cloudy-day,42343099999
ajmer,2024-06-11T15:00:00,41.6,40.1,10.5,15.78,0,0,,0,0,17.3,18,260.6,1000,46,24.1,912,3.3,9,10,Partially cloudy,partly-cloudy-day,remote
ajmer,2024-06-11T16:00:00,41.8,40.2,9.9,15,0,0,,0,0,17.6,20.5,262,999,60.1,24.1,745,2.7,7,10,Partially cloudy,partly-cloudy-day,remote
ajmer,2024-06-11T17:00:00,41.9,41.6,13.4,18.8,0,0,,0,0,16.6,0,280,996.8,30,4,528,1.9,5,10,Partially cloudy,partly-cloudy-day,42343099999
ajmer,2024-06-11T18:00:00,39,37.8,11.6,19.5,0,0,,0,0,27,23.8,344.1,1000,86.1,24.1,386,1.4,4,10,Partially cloudy,partly-cloudy-day,remote
ajmer,2024-06-11T19:00:00,36.2,35,12.1,23.47,0.2,100,rain,0,0,35.3,24.1,314.4,1000,97.4,24.1,52,0.2,1,10,"Rain, Overcast",rain,remote
ajmer,2024-06-11T20:00:00,34.4,35.6,18.2,38.37,0,0,,0,0,23.4,7.6,230,999.6,90,4,6,0,0,10,Partially cloudy,partly-cloudy-night,42343099999
ajmer,2024-06-11T21:00:00,35.7,34.1,10.9,22.28,0.1,100,rain,0,0,34.6,19.4,293.4,1001,1,24.1,0,0,0,10,Rain,rain,remote
ajmer,2024-06-11T22:00:00,35.5,33.8,10.4,21.79,0,0,,0,0,13,9.7,221.4,1001,5.4,24.1,0,0,0,10,Clear,clear-night,remote
ajmer,2024-06-11T23:00:00,35.1,34.7,14.9,29.92,0,0,,0,0,33.8,5.4,230,1000.2,80,4,0,0,0,10,Partially cloudy,partly-cloudy-night,42343099999
ajmer,2024-06-12T00:00:00,33.6,32.2,11.9,26.75,0,0,,0,0,45.4,24.8,225.2,1002,74.3,24.1,0,0,0,3,Partially cloudy,partly-cloudy-night,remote
ajmer,2024-06-12T01:00:00,34.9,33.6,12.1,25.21,0,0,,0,0,40.3,23.8,237.1,1001,100,24.1,0,0,0,10,Overcast,cloudy,remote
ajmer,2024-06-12T02:00:00,34.7,34,14.2,29.24,0,0,,0,0,45.7,7.6,230,999.8,60,4,0,0,0,10,Partially cloudy,partly-cloudy-night,42343099999
ajmer,2024-06-12T03:00:00,32.7,32.2,14.9,34.22,0,0,,0,0,52.6,35.3,253.3,1001,96.6,24.1,0,0,0,3,Overcast,cloudy,remote
ajmer,2024-06-12T04:00:00,31.7,31.1,14.6,35.51,0,0,,0,0,50.8,31.3,250.6,1002,100,24.1,0,0,0,3,Overcast,cloudy,remote
ajmer,2024-06-12T05:00:00,32.1,32.4,16.9,40.22,0,0,,0,0,51.8,9.4,230,1001.1,30,4,0,0,0,5,Partially cloudy,partly-cloudy-night,42343099999
ajmer,2024-06-12T06:00:00,30.3,30.7,17.2,45.42,0,0,,0,0,50.4,29.5,256.5,1003,5,24.1,0,0,0,5,Clear,clear-day,remote
ajmer,2024-06-12T07:00:00,30.2,31.2,18.5,49.58,0,0,,0,0,47.9,29.2,259.4,1003,4.8,24.1,30,0.1,0,5,Clear,clear-day,remote
ajmer,2024-06-12T08:00:00,32.7,36,21.4,51.47,0,0,,0,0,46.1,11.2,230,1002.6,40,2,195,0.7,2,3,Partially cloudy,partly-cloudy-day,42343099999
ajmer,2024-06-12T09:00:00,33.5,34.9,18.7,41.64,0,0,,0,0,41,34.6,273.2,1004,4.5,24.1,409,1.5,4,3,Clear,clear-day,remote
ajmer,2024-06-12T10:00:00,35.1,36.6,18.5,37.61,0,0,,0,0,37.1,34.2,277,1004,5,24.1,613,2.2,6,10,Clear,clear-day,remote
ajmer,2024-06-12T11:00:00,37.4,41.5,21.1,38.95,0,0,,0,0,31.7,14.8,270,1001.4,30,4,784,2.8,8,10,Partially cloudy,partly-cloudy-day,42343099999
ajmer,2024-06-12T12:00:00,38.3,39.4,16.9,28.54,0,0,,0,0,23.4,26.6,283.7,1004,52.1,24.1,907,3.3,9,10,Partially cloudy,partly-cloudy-day,remote
ajmer,2024-06-12T13:00:00,38.9,39.5,15.9,25.92,0,0,,0,0,19.1,24.5,278.8,1003,94.1,24.1,839,3,8,10,Overcast,cloudy,remote
ajmer,2024-06-12T14:00:00,39.9,43,19.2,30.26,0,0,,0,0,17.3,5.4,230,999.9,80,4,497,1.8,5,10,Partially cloudy,partly-cloudy-day,42343099999
ajmer,2024-06-12T15:00:00,38.9,38.9,14.7,24,0,0,,0,0,19.4,24.8,257.6,1002,99.1,24.1,468,1.7,5,10,Overcast,cloudy,remote
ajmer,2024-06-12T16:00:00,38.3,38.1,14.4,24.32,0,0,,0,0,21.2,24.8,267,1001,16.6,24.1,260,0.9,3,10,Clear,clear-day,remote
ajmer,2024-06-12T17:00:00,40.1,42.6,18.4,28.47,0,0,,0,0,13.7,7.6,200,997.8,80,4,580,2.1,6,10,Partially cloudy,partly-cloudy-day,42343099999
ajmer,2024-06-12T18:00:00,38.8,37.8,12.3,20.64,0,0,,0,0,12.6,11.5,239.2,1001,96.5,24.1,361,1.3,4,10,Overcast,cloudy,remote
ajmer,2024-06-12T19:00:00,37.9,37,12.7,22.25,0,0,,0,0,16.9,15.8,212.5,1001,99.4,24.1,36,0.1,0,10,Overcast,cloudy,remote
ajmer,2024-06-12T20:00:00,32.4,32.8,17.1,40.05,0,0,,0,0,25.6,9.4,50,1002,80,4,11,0,0,10,Partially cloudy,partly-cloudy-night,42343099999
ajmer,2024-06-12T21:00:00,34.3,34.4,16.1,33.78,0,0,,0,0,37.1,26.6,235,1002,99.8,24.1,0,0,0,10,Overcast,cloudy,remote
ajmer,2024-06-12T22:00:00,34.5,34.5,15.9,32.99,0,0,,0,0,33.5,19.1,245.4,1002,100,24.1,0,0,0,10,Overcast,cloudy,remote
ajmer,2024-06-12T23:00:00,31.7,33.9,20.2,50.59,0,0,,0,0,35.6,0,221.3,1002.6,50,4,0,0,0,10,Partially cloudy,partly-cloudy-night,42343099999
ajmer,2024-06-13T00:00:00,33.5,33.1,15,32.92,0,0,,0,0,37.8,18.7,239.5,1002,72.2,24.1,0,0,0,10,Partially cloudy,partly-cloudy-night,remote
ajmer,2024-06-13T01:00:00,33.8,33.1,14.4,31.15,0,0,,0,0,44.6,24.5,253,1002,99,24.1,0,0,0,10,Overcast,cloudy,remote
ajmer,2024-06-13T02:00:00,33.7,33,14.4,31.32,0,0,,0,0,44.3,27.4,255.5,1002,89,24.1,0,0,0,10,Partially cloudy,partly-cloudy-night,remote
ajmer,2024-06-13T03:00:00,32.6,31.7,13.7,31.84,0,0,,0,0,46.4,30.2,254.3,1002,94.3,24.1,0,0,0,3,Overcast,cloudy,remote
ajmer,2024-06-13T04:00:00,31.5,30.5,13.2,32.8,0,0,,0,0,50,31.3,255.6,1002,18.1,24.1,0,0,0,3,Clear,clear-night,remote
ajmer,2024-06-13T05:00:00,30.4,30,15.1,39.5,0,0,,0,0,51.1,31.3,257.4,1002,12.7,24.1,0,0,0,5,Clear,clear-night,remote
ajmer,2024-06-13T06:00:00,29.9,30.4,17.3,46.77,0,0,,0,0,48.6,29.9,261.8,1003,76.4,24.1,0,0,0,5,Partially cloudy,partly-cloudy-day,remote
ajmer,2024-06-13T07:00:00,30,30.6,17.7,47.69,0,0,,0,0,46.1,28.4,260.1,1003,36.3,24.1,21,0.1,0,5,Partially cloudy,partly-cloudy-day,remote
ajmer,2024-06-13T08:00:00,30.8,31.5,17.8,45.84,0,0,,0,0,45.7,34.6,258.5,1004,29.5,24.1,180,0.6,2,3,Partially cloudy,partly-cloudy-day,remote
ajmer,2024-06-13T09:00:00,32.6,33.6,18.2,42.45,0,0,,0,0,45.4,37.8,263.7,1003,99.2,24.1,363,1.3,4,3,Overcast,cloudy,remote
ajmer,2024-06-13T10:00:00,32.2,33.3,18.4,43.96,0,0,,0,0,42.5,34.6,263.4,1004,100,24.1,85,0.3,1,3,Overcast,cloudy,remote
ajmer,2024-06-13T11:00:00,32.7,33.6,18.1,41.94,0,0,,0,0,42.5,33.8,267.2,1004,100,24.1,102,0.4,1,3,Overcast,cloudy,remote
ajmer,2024-06-13T12:00:00,33.7,33.7,16,34.71,0,0,,0,0,37.4,31.3,271.5,1004,98.7,24.1,149,0.5,1,10,Overcast,cloudy,remote
ajmer,2024-06-13T13:00:00,34.3,33.7,14.5,30.49,0,0,,0,0,31.3,26.6,283,1004,96.4,24.1,168,0.6,2,10,Overcast,cloudy,remote
ajmer,2024-06-13T14:00:00,35,34.3,14,28.39,0,0,,0,0,27.7,24.1,286.6,1003,11.7,24.1,259,0.9,3,10,Clear,clear-day,remote
ajmer,2024-06-13T15:00:00,37.9,37.3,13.6,23.59,0,0,,0,0,19.4,20.5,291.7,1002,20.5,24.1,858,3.1,9,10,Partially cloudy,partly-cloudy-day,remote
ajmer,2024-06-13T16:00:00,38.8,38.2,13.4,22.18,0,0,,0,0,17.3,18,296,1001,58.6,24.1,748,2.7,7,10,Partially cloudy,partly-cloudy-day,remote
ajmer,2024-06-13T17:00:00,38.5,37.9,13.3,22.4,0,0,,0,0,18.4,20.2,281,1000,92.9,24.1,469,1.7,5,10,Overcast,cloudy,remote
ajmer,2024-06-13T18:00:00,36.9,36,13,23.96,0,0,,0,0,25.2,20.5,243.2,1000,98.9,24.1,125,0.5,1,10,Overcast,cloudy,remote
ajmer,2024-06-13T19:00:00,36.4,35.4,12.9,24.46,0,0,,0,0,26.3,19.1,234.3,1000,81.4,24.1,31,0.1,0,10,Partially cloudy,partly-cloudy-day,remote
ajmer,2024-06-13T20:00:00,35.7,34.7,12.9,25.42,0,0,,0,0,24.5,15.5,229.6,1000,87.6,24.1,20,0.1,0,10,Partially cloudy,partly-cloudy-night,remote
ajmer,2024-06-13T21:00:00,35.3,34.3,13,26.16,0,0,,0,0,18.4,11.5,228.2,1000,100,24.1,0,0,0,10,Overcast,cloudy,remote
ajmer,2024-06-13T22:00:00,35.2,34.2,13,26.31,0,0,,0,0,10.8,9.4,242.3,1001,100,24.1,0,0,0,10,Overcast,cloudy,remote
ajmer,2024-06-13T23:00:00,35.2,34.1,12.9,26.14,0,0,,0,0,16.2,11.2,238.2,1001,100,24.1,0,0,0,10,Overcast,cloudy,remote
ajmer,2024-06-14T00:00:00,34.4,33.4,13.2,27.86,0,0,,0,0,27.4,14.8,218.6,1001,70.5,24.1,0,0,0,10,Partially cloudy,partly-cloudy-night,remote
ajmer,2024-06-14T01:00:00,33.2,32.3,13.8,30.98,0,0,,0,0,35.3,18,230.4,1001,27.2,24.1,0,0,0,3,Partially cloudy,partly-cloudy-night,remote
ajmer,2024-06-14T02:00:00,32.3,31,12.1,29.17,0,0,,0,0,36.4,19.8,252.8,1001,13.9,24.1,0,0,0,10,Clear,clear-night,remote
ajmer,2024-06-14T03:00:00,30.9,29.8,12.6,32.63,0.1,100,rain,0,0,47.5,24.8,253.5,1002,9.3,24.1,0,0,0,10,Rain,rain,remote
ajmer,2024-06-14T04:00:00,30.4,30.2,15.5,40.53,0,0,,0,0,49,25.6,263.6,1002,5.6,24.1,0,0,0,3,Clear,clear-night,remote
ajmer,2024-06-14T05:00:00,29.7,29.9,16.7,45.55,0,0,,0,0,51.5,28.8,271.9,1001,8.4,24.1,0,0,0,3,Clear,clear-night,remote
ajmer,2024-06-14T06:00:00,29.4,29.7,16.8,46.64,0,0,,0,0,44.3,23.8,282.1,1002,88.4,24.1,0,0,0,5,Partially cloudy,partly-cloudy-day,remote
ajmer,2024-06-14T07:00:00,29.4,30.8,19.3,54.58,0,0,,0,0,47.9,29.9,278.6,1002,87.7,24.1,18,0.1,0,3,Partially cloudy,partly-cloudy-day,remote
ajmer,2024-06-14T08:00:00,29.6,31.4,20,56.35,0,0,,0,0,47.9,33.1,266.8,1003,26.3,24.1,77,0.3,1,3,Partially cloudy,partly-cloudy-day,remote
ajmer,2024-06-14T09:00:00,31.6,33.1,19.2,47.82,0,0,,0,0,45.4,37.8,263.5,1003,7.5,24.1,371,1.3,4,3,Clear,clear-day,remote
ajmer,2024-06-14T10:00:00,33.9,34.7,17.6,38,0,0,,0,0,39.6,35.3,266.6,1003,2.8,24.1,607,2.2,6,10,Clear,clear-day,remote
ajmer,2024-06-14T11:00:00,35.4,35.8,16.5,32.6,0,0,,0,0,31.3,31,271.2,1003,14.9,24.1,779,2.8,8,10,Clear,clear-day,remote
ajmer,2024-06-14T12:00:00,37.3,37.6,15.7,27.91,0,0,,0,0,25.2,27.7,268,1003,1.5,24.1,899,3.2,9,10,Clear,clear-day,remote
ajmer,2024-06-14T13:00:00,38.5,38.8,15.4,25.65,0,0,,0,0,19.8,26.6,266,1002,49.4,24.1,968,3.5,10,10,Partially cloudy,partly-cloudy-day,remote
ajmer,2024-06-14T14:00:00,38.6,38.8,15.1,25.03,0,0,,0,0,20.2,26.6,253.3,1001,94.7,24.1,806,2.9,8,10,Overcast,cloudy,remote
ajmer,2024-06-14T15:00:00,37.8,37.6,14.6,25.31,0,0,,0,0,20.2,23,251.9,1001,94.4,24.1,478,1.7,5,10,Overcast,cloudy,remote
ajmer,2024-06-14T16:00:00,37.6,37,13.6,23.98,0,0,,0,0,17.3,14.8,257.7,1000,100,24.1,225,0.8,2,10,Overcast,cloudy,remote
ajmer,2024-06-14T17:00:00,37.3,36.4,12.9,23.29,0,0,,0,0,17.3,14,264,1000,12.1,24.1,60,0.2,1,10,Clear,clear-day,remote
ajmer,2024-06-14T18:00:00,38.6,37.6,12.3,20.86,0,0,,0,0,18.4,18.7,274.8,999,0,24.1,410,1.5,4,10,Clear,clear-day,remote
ajmer,2024-06-14T19:00:00,38,36.9,12.2,21.41,0,0,,0,0,16.9,20.2,268.5,999,24,24.1,205,0.7,2,10,Partially cloudy,partly-cloudy-day,remote
ajmer,2024-06-14T20:00:00,36.3,35.1,12.2,23.49,0,0,,0,0,29.2,18.4,263.6,1000,3.4,24.1,28,0.1,0,10,Clear,clear-night,remote
ajmer,2024-06-14T21:00:00,35,33.6,11.9,24.75,0,0,,0,0,33.1,16.9,262.7,1001,0,24.1,0,0,0,10,Clear,clear-night,remote
ajmer,2024-06-14T22:00:00,34.2,32.8,11.8,25.7,0,0,,0,0,27.7,12.6,266.5,1001,0,24.1,0,0,0,10,Clear,clear-night,remote
ajmer,2024-06-14T23:00:00,33.7,32.4,12.1,26.96,0,0,,0,0,21.6,11.5,271.9,1001,0,24.1,0,0,0,10,Clear,clear-night,remote
ajmer,2024-06-15T00:00:00,33.2,32,12.8,29.03,0,0,,0,0,29.9,13.7,271.8,1002,0,24.1,0,0,0,10,Clear,clear-night,remote
ajmer,2024-06-15T01:00:00,32.3,31.7,14.5,34.11,0,0,,0,0,36,17.3,274.1,1002,0,24.1,0,0,0,10,Clear,clear-night,remote
ajmer,2024-06-15T02:00:00,31.6,31.4,15.8,38.58,0,0,,0,0,40.3,21.6,266.1,1002,0,24.1,0,0,0,10,Clear,clear-night,remote
ajmer,2024-06-15T03:00:00,31,31,16.3,41.22,0,0,,0,0,40.7,21.2,269.1,1001,0.5,24.1,0,0,0,3,Clear,clear-night,remote
ajmer,2024-06-15T04:00:00,30.6,30.5,16,41.37,0,0,,0,0,38.9,18.4,276.8,1001,3.7,24.1,0,0,0,3,Clear,clear-night,remote
ajmer,2024-06-15T05:00:00,30.3,30.1,15.6,41.02,0,0,,0,0,38.9,17.6,267.6,1001,0,24.1,0,0,0,3,Clear,clear-night,remote
ajmer,2024-06-15T06:00:00,30.3,29.9,15.1,39.73,0,0,,0,0,43.2,22.3,263.7,1002,0,24.1,0,0,0,3,Clear,clear-day,remote
ajmer,2024-06-15T07:00:00,30.1,29.9,15.5,41.23,0,0,,0,0,43.6,27.4,262.4,1002,0,24.1,30,0.1,0,5,Clear,clear-day,remote
ajmer,2024-06-15T08:00:00,31,31.8,18,45.9,0,0,,0,0,43.9,33.5,260.5,1002,0,24.1,195,0.7,2,3,Clear,clear-day,remote
ajmer,2024-06-15T09:00:00,33,34.5,19,43.63,0,0,,0,0,36.7,33.1,263.7,1003,0,24.1,407,1.5,4,3,Clear,clear-day,remote
ajmer,2024-06-15T10:00:00,35.1,36.4,18.1,36.68,0,0,,0,0,30.2,30.6,271.4,1003,0,24.1,610,2.2,6,10,Clear,clear-day,remote
ajmer,2024-06-15T11:00:00,37,38,17.1,31.02,0,0,,0,0,23.8,26.6,271.5,1002,1.6,24.1,781,2.8,8,10,Clear,clear-day,remote
ajmer,2024-06-15T12:00:00,38.1,38.9,16.4,27.95,0,0,,0,0,16.9,22.3,269.8,1002,4.2,24.1,903,3.3,9,10,Clear,clear-day,remote
ajmer,2024-06-15T13:00:00,39.3,40,15.9,25.37,0,0,,0,0,16.6,20.5,270,1001,3.8,24.1,966,3.5,10,10,Clear,clear-day,remote
ajmer,2024-06-15T14:00:00,40,40.6,15.5,23.82,0,0,,0,0,16.9,19.1,268.1,1001,71.3,24.1,966,3.5,10,10,Partially cloudy,partly-cloudy-day,remote
ajmer,2024-06-15T15:00:00,39.7,40.1,15.3,23.9,0,0,,0,0,15.1,18.4,267.7,999,98.7,24.1,555,2,6,10,Overcast,cloudy,remote
ajmer,2024-06-15T16:00:00,39.2,39.5,15.3,24.55,0,0,,0,0,12.2,16.9,283.6,999,88.3,24.1,290,1,3,10,Partially cloudy,partly-cloudy-day,remote
ajmer,2024-06-15T17:00:00,38.5,38.8,15.5,25.82,0.1,100,rain,0,0,13,12.6,200.3,999,100,23.4,192,0.7,2,10,"Rain, Overcast",rain,remote
ajmer,2024-06-15T18:00:00,35.8,36.1,16.2,31.29,0.8,100,rain,0,0,20.5,22.3,221.8,999,100,24.1,10,0,0,10,"Rain, Overcast",rain,remote
ajmer,2024-06-15T19:00:00,33.6,33.9,16.8,36.73,0,0,,0,0,23.8,14.4,233.7,1000,81.9,24.1,8,0,0,10,Partially cloudy,partly-cloudy-day,remote
ajmer,2024-06-15T20:00:00,33.7,34,16.6,36.07,0.2,100,rain,0,0,30.6,19.8,244.1,1000,100,24.1,10,0,0,10,"Rain, Overcast",rain,remote
ajmer,2024-06-15T21:00:00,34.7,34.8,16,32.83,0,0,,0,0,29.9,21.6,237.2,1000,100,24.1,0,0,0,10,Overcast,cloudy,remote
ajmer,2024-06-15T22:00:00,34.6,34.6,15.8,32.59,0,0,,0,0,28.8,18.4,240.6,1001,100,24.1,0,0,0,10,Overcast,cloudy,remote
ajmer,2024-06-15T23:00:00,34.6,34.5,15.6,32.18,0,0,,0,0,26.6,14.8,244,1001,99.9,24.1,0,0,0,3,Overcast,cloudy,remote
ajmer,2024-06-16T00:00:00,34.9,34.6,15,30.45,0,0,,0,0,35.6,20.5,246.9,1000,99.1,24.1,0,0,0,3,Overcast,cloudy,remote
ajmer,2024-06-16T01:00:00,34.9,34.5,14.8,30.06,0,0,,0,0,37.8,19.4,244.1,1000,96.6,24.1,0,0,0,10,Overcast,cloudy,remote
ajmer,2024-06-16T02:00:00,33.9,33.8,15.8,33.89,0,0,,0,0,39.6,26.3,242.3,1000,22.3,24.1,0,0,0,3,Partially cloudy,partly-cloudy-night,remote
ajmer,2024-06-16T03:00:00,32.8,32.7,16,36.51,0,0,,0,0,44.6,26.6,258.3,1001,7.9,24.1,0,0,0,3,Clear,clear-night,remote
ajmer,2024-06-16T04:00:00,31.8,31.9,16.4,39.63,0,0,,0,0,45.4,25.6,272.2,1001,52.5,24.1,0,0,0,3,Partially cloudy,partly-cloudy-night,remote
ajmer,2024-06-16T05:00:00,31.5,31.6,16.6,40.83,0,0,,0,0,46.1,25.9,271.5,1002,28.5,24.1,0,0,0,3,Partially cloudy,partly-cloudy-night,remote
ajmer,2024-06-16T06:00:00,31.2,31.3,16.6,41.53,0,0,,0,0,45.7,26.6,270.6,1002,8.5,24.1,0,0,0,3,Clear,clear-day,remote
ajmer,2024-06-16T07:00:00,31.1,31.4,17,42.85,0,0,,0,0,42.5,25.9,273.2,1003,24.9,24.1,29,0.1,0,5,Partially cloudy,partly-cloudy-day,remote
ajmer,2024-06-16T08:00:00,32,32.7,17.8,42.82,0,0,,0,0,40.7,30.2,274.9,1003,40.1,24.1,168,0.6,2,3,Partially cloudy,partly-cloudy-day,remote
ajmer,2024-06-16T09:00:00,32.7,33.8,18.3,42.47,0,0,,0,0,37.4,30.6,270.6,1004,86.5,24.1,302,1.1,3,3,Partially cloudy,partly-cloudy-day,remote
ajmer,2024-06-16T10:00:00,32.7,33.9,18.6,43.28,0,0,,0,0,33.5,28.8,274.7,1004,63.7,24.1,276,1,3,3,Partially cloudy,partly-cloudy-day,remote
ajmer,2024-06-16T11:00:00,35.7,36.9,17.9,35.04,0,0,,0,0,25.2,24.5,282.7,1004,5,24.1,619,2.2,6,3,Clear,clear-day,remote
ajmer,2024-06-16T12:00:00,37.7,39.4,18,31.6,0,0,,0,0,17.6,20.9,275.1,1003,38.1,24.1,894,3.2,9,10,Partially cloudy,partly-cloudy-day,remote
ajmer,2024-06-16T13:00:00,38.7,40.4,17.7,29.38,0,0,,0,0,13.7,20.5,261,1003,7.1,24.1,946,3.4,9,10,Clear,clear-day,remote
ajmer,2024-06-16T14:00:00,39.2,41,17.7,28.6,0,0,,0,0,14.8,22,258,1002,5,24.1,958,3.4,10,10,Clear,clear-day,remote
ajmer,2024-06-16T15:00:00,39.2,41,17.8,28.78,0,0,,0,0,14.8,20.9,252,1002,5.9,24.1,896,3.2,9,10,Clear,clear-day,remote
ajmer,2024-06-16T16:00:00,39.5,41.1,17.3,27.44,0,0,,0,0,13,17.3,249.4,1001,7,24.1,775,2.8,8,10,Clear,clear-day,remote
ajmer,2024-06-16T17:00:00,39.4,40.7,16.9,26.89,0,0,,0,0,12.2,15.1,236.5,1000,5,24.1,608,2.2,6,10,Clear,clear-day,remote
ajmer,2024-06-16T18:00:00,39.5,40.6,16.5,26.08,0,0,,0,0,11.9,14,232.4,1000,4.7,24.1,409,1.5,4,10,Clear,clear-day,remote
ajmer,2024-06-16T19:00:00,38.9,39.8,16.4,26.76,0,0,,0,0,12.6,14,228.6,999,0.9,24.1,201,0.7,2,10,Clear,clear-day,remote
ajmer,2024-06-16T20:00:00,37.9,38.7,16.6,28.61,0,0,,0,0,19.8,14,234.9,1000,0,24.1,34,0.1,0,10,Clear,clear-night,remote
ajmer,2024-06-16T21:00:00,34.5,35.7,18.2,38.16,0,0,,0,0,35.3,24.1,244.2,1001,0,24.1,0,0,0,3,Clear,clear-night,remote
ajmer,2024-06-16T22:00:00,35.1,36.1,17.7,35.77,0,0,,0,0,34.6,22,243.4,1001,3.3,24.1,0,0,0,10,Clear,clear-night,remote
ajmer,2024-06-16T23:00:00,35.5,36.3,17.2,33.9,0,0,,0,0,31.3,17.6,240,1001,26.9,24.1,0,0,0,10,Partially cloudy,partly-cloudy-night,remote
ajmer,2024-06-17T00:00:00,35.1,35.7,16.9,34,0,0,,0,0,30.2,16.6,251.2,1001,5,24.1,0,0,0,10,Clear,clear-night,remote
ajmer,2024-06-17T01:00:00,34.8,35.3,16.9,34.57,0,0,,0,0,34.2,19.4,251.6,1001,13.4,24.1,0,0,0,10,Clear,clear-night,remote
ajmer,2024-06-17T02:00:00,33.7,34.8,18.1,39.65,0,0,,0,0,41,24.8,246.1,1001,89.7,24.1,0,0,0,10,Partially cloudy,partly-cloudy-night,remote
ajmer,2024-06-17T03:00:00,33.4,34.4,18,40.07,0,0,,0,0,42.8,26.3,258.6,1000,84.6,24.1,0,0,0,3,Partially cloudy,partly-cloudy-night,remote
ajmer,2024-06-17T04:00:00,33.3,34.2,18,40.3,0,0,,0,0,43.9,27.4,257.9,1001,88.7,24.1,0,0,0,3,Partially cloudy,partly-cloudy-night,remote
ajmer,2024-06-17T05:00:00,32.5,33.5,18.3,42.95,0,0,,0,0,45,26.6,266.8,1001,93.2,24.1,0,0,0,3,Overcast,cloudy,remote
ajmer,2024-06-17T06:00:00,32.5,33.4,18,42.15,0,0,,0,0,44.6,25.9,269.1,1002,100,24.1,0,0,0,3,Overcast,cloudy,remote
ajmer,2024-06-17T07:00:00,32.4,33.5,18.5,43.74,0,0,,0,0,42.1,27,268.3,1002,100,24.1,21,0.1,0,3,Overcast,cloudy,remote
ajmer,2024-06-17T08:00:00,32.4,34.2,19.6,46.85,0,0,,0,0,42.1,28.8,270.4,1003,99.4,24.1,49,0.2,0,3,Overcast,cloudy,remote
ajmer,2024-06-17T09:00:00,33.6,35.8,19.8,44.34,0,0,,0,0,39.2,32.8,275.2,1004,99.4,24.1,182,0.7,2,3,Overcast,cloudy,remote
ajmer,2024-06-17T10:00:00,35.5,38,19.7,39.65,0,0,,0,0,33.1,32.4,277.1,1004,49.3,24.1,486,1.7,5,10,Partially cloudy,partly-cloudy-day,remote
ajmer,2024-06-17T11:00:00,37.3,40,19.5,35.47,0,0,,0,0,27,27.7,279.9,1004,8.1,24.1,745,2.7,7,30,Clear,clear-day,remote
ajmer,2024-06-17T12:00:00,39,41.8,19.1,31.56,0,0,,0,0,17.6,21.2,274.6,1003,5.4,24.1,885,3.2,9,30,Clear,clear-day,remote
ajmer,2024-06-17T13:00:00,40.2,42.9,18.7,28.86,0,0,,0,0,18.7,20.5,269.4,1003,33.4,24.1,949,3.4,9,30,Partially cloudy,partly-cloudy-day,remote
ajmer,2024-06-17T14:00:00,40.9,43.4,18.2,26.94,0,0,,0,0,20.2,22.3,265,1002,62,24.1,941,3.4,9,30,Partially cloudy,partly-cloudy-day,remote
ajmer,2024-06-17T15:00:00,41.2,43.5,17.9,26.02,0,0,,0,0,19.1,22.3,261,1001,88.5,24.1,756,2.7,8,30,Partially cloudy,partly-cloudy-day,remote
ajmer,2024-06-17T16:00:00,40.7,42.8,17.7,26.39,0,0,,0,0,19.8,23.8,263.6,1000,92.5,24.1,448,1.6,4,10,Overcast,cloudy,remote
ajmer,2024-06-17T17:00:00,40.3,42.2,17.6,26.79,0,0,,0,0,19.8,22.7,275,999,8.7,24.1,348,1.3,3,10,Clear,clear-day,remote
ajmer,2024-06-17T18:00:00,40.1,41.8,17.3,26.57,0,0,,0,0,18.7,17.3,285.3,999,5,24.1,407,1.5,4,10,Clear,clear-day,remote
ajmer,2024-06-17T19:00:00,39.7,40.8,16.5,25.8,0.1,100,rain,0,0,15.5,12.6,281.8,999,4.4,24.1,202,0.7,2,10,Rain,rain,remote
ajmer,2024-06-17T20:00:00,38.3,39.1,16.4,27.65,0.1,100,rain,0,0,15.8,12.2,227.9,1000,4.8,24.1,34,0.1,0,10,Rain,rain,remote
ajmer,2024-06-17T21:00:00,34.9,37,19.4,40.23,0.1,100,rain,0,0,31.7,21.2,226.6,1001,4.5,24.1,0,0,0,10,Rain,rain,remote
ajmer,2024-06-17T22:00:00,34.5,35.5,17.8,37.21,0,0,,0,0,31,16.2,212.8,1001,9,24.1,0,0,0,3,Clear,clear-night,remote
ajmer,2024-06-17T23:00:00,33.6,34.1,17.1,37.44,0.6,100,rain,0,0,23.4,11.5,207.7,1002,5,24.1,0,0,0,10,Rain,rain,remote
